Workbook

Sheet Dataset
C2: Task_ID | D2: Employee | E2: Department | F2: Start_Date | G2: End_Date | H2: Deadline | I2: Completion_Date | J2: Status | K2: Region | L2: New Year | M2: Month Name | N2: New Date | O2: New Start Date | P2: Todays Date | Q2: Current date and Time | R2: End Date-Start Date | S2: project completion till date | T2: Weekday name of Start_Date | U2: Weekend or Weekday | V2: Completion_Date | W2: Start_Date & End_Date | X2: excluding Sunday only | Y2: Delayed or On Time | Z2: Delay Days | AA2: working Day After Deadline | AB2: Project Duration | AC2: Next 5 years | AD2: Age Of Task | AE2: Categorize task Last Day | AF2: last day of previous month | AG2: next month | AH2: NO OF DAYS | AI2: Task Completed | AJ2: Month end | AK2: Days Remaining | AL2: completion date | AM2: Before Month end | AN2: Next Month | AO2: end Date | AP2: Month End | AQ2: Month Bucket | AR2: Till Month End
C3: 101 | D3: Asha | E3: Sales | F3: 46023 | G3: 46027 | H3: 46028 | I3: 46027 | J3: Completed | K3: South | L3: =YEAR(F3) -> 2026 | M3: =TEXT(F3,"MMM") -> Jan | N3: =DAY(F3) -> 1 | O3: =TEXT(F3,"DD-MMM-YYYY") -> 01-Jan-2026 | P3: =TODAY() -> 46134 | Q3: =NOW() -> 46134.403 | R3: =_xlfn.DAYS(G3,F3) -> 4 | S3: =DATEDIF(I3,P3,"d") -> 107 | T3: =TEXT(F3,"DDDD") -> Thursday | U3: =IF(I3=""," Not Completed",IF(WEEKDAY(I3,2)>5,"Weekend","Weekday")) -> Weekday | V3: =IF(I3="","",MONTH(I3)) -> 1 | W3: =NETWORKDAYS(F3,G3) -> 3 | X3: =IF(I3="","",IF(I3>H3,I3-H3,0)) -> 0 | Y3: =IF(H3>I3,"Delayed","On Time") -> Delayed | Z3: =IF(Dataset!I3="","",IF(Dataset!I3>Dataset!H3,Dataset!I3-Dataset!H3,0)) -> 0 | AB3: =NETWORKDAYS.INTL(F3,G3,1) -> 3 | AC3: =IF(I3=" ",P3-F3,I3-F3) -> 4 | AD3: =IF(J3="Pending",P3-F3,"") | AE3: =EOMONTH(F3,0) -> 46053 | AF3: =EOMONTH(F3,-1) -> 46022 | AG3: =EOMONTH(F3,1) -> 46081 | AH3: =DAY(EOMONTH(F3,0)) -> 31 | AI3: =IF(MONTH(F3)=MONTH(G3),"Yes","No") -> Yes | AJ3: =IF(H3=EOMONTH(H3,0),"Yes","No") -> No | AK3: =EOMONTH(F3,0)-F3 -> 30 | AL3: =EOMONTH(I3,0) -> 46053 | AM3: =IF(I3="","",IF(I3<=EOMONTH(I3,0),"Completed","Not Completed")) -> Completed | AO3: =EOMONTH(F3,0) -> 46053 | AP3: =IF(I3>"","",IF(I3>EOMONTH(I3,0),"Yes","No")) -> No | AQ3: =TEXT(F3,"MMM-YYYY") -> Jan-2026 | AR3: =EOMONTH(TODAY(),0)-TODAY() -> 8
C4: 102 | D4: Ravi | E4: HR | F4: 46025 | G4: 46032 | H4: 46031 | I4: 46033 | J4: Completed | K4: South | L4: =YEAR(F4) -> 2026 | M4: =TEXT(F4,"MMM") -> Jan | N4: =DAY(F4) -> 3 | O4: =TEXT(F4,"DD-MMM-YYYY") -> 03-Jan-2026 | P4: =TODAY() -> 46134 | Q4: =NOW() -> 46134.403 | R4: =_xlfn.DAYS(G4,F4) -> 7 | S4: =DATEDIF(I4,P4,"d") -> 101 | T4: =TEXT(F4,"DDDD") -> Saturday | U4: =IF(I4=""," Not Completed",IF(WEEKDAY(I4,2)>5,"Weekend","Weekday")) -> Weekend | V4: =IF(I4="","",MONTH(I4)) -> 1 | W4: =NETWORKDAYS(F4,G4) -> 5 | X4: =IF(I4="","",IF(I4>H4,I4-H4,0)) -> 2 | Y4: =IF(H4>I4,"Delayed","On Time") -> On Time | Z4: =IF(Dataset!I4="","",IF(Dataset!I4>Dataset!H4,Dataset!I4-Dataset!H4,0)) -> 2 | AB4: =NETWORKDAYS.INTL(F4,G4,1) -> 5 | AC4: =IF(I4=" ",P4-F4,I4-F4) -> 8 | AD4: =IF(J4="Pending",P4-F4,"") | AE4: =EOMONTH(F4,0) -> 46053 | AF4: =EOMONTH(F4,-1) -> 46022 | AG4: =EOMONTH(F4,1) -> 46081 | AH4: =DAY(EOMONTH(F4,0)) -> 31 | AI4: =IF(MONTH(F4)=MONTH(G4),"Yes","No") -> Yes | AJ4: =IF(H4=EOMONTH(H4,0),"Yes","No") -> No | AK4: =EOMONTH(F4,0)-F4 -> 28 | AL4: =EOMONTH(I4,0) -> 46053 | AM4: =IF(I4="","",IF(I4<=EOMONTH(I4,0),"Completed","Not Completed")) -> Completed | AO4: =EOMONTH(F4,0) -> 46053 | AP4: =IF(I4>"","",IF(I4>EOMONTH(I4,0),"Yes","No")) -> No | AQ4: =TEXT(F4,"MMM-YYYY") -> Jan-2026 | AR4: =EOMONTH(TODAY(),0)-TODAY() -> 8
C5: 103 | D5: John | E5: IT | F5: 46027 | G5: 46037 | H5: 46036 | J5: Pending | K5: South | L5: =YEAR(F5) -> 2026 | M5: =TEXT(F5,"MMM") -> Jan | N5: =DAY(F5) -> 5 | O5: =TEXT(F5,"DD-MMM-YYYY") -> 05-Jan-2026 | P5: =TODAY() -> 46134 | Q5: =NOW() -> 46134.403 | R5: =_xlfn.DAYS(G5,F5) -> 10 | S5: =DATEDIF(I5,P5,"d") -> 46134 | T5: =TEXT(F5,"DDDD") -> Monday | U5: =IF(I5=""," Not Completed",IF(WEEKDAY(I5,2)>5,"Weekend","Weekday")) -> Not Completed | V5: =IF(I5="","",MONTH(I5)) | W5: =NETWORKDAYS(F5,G5) -> 9 | X5: =IF(I5="","",IF(I5>H5,I5-H5,0)) | Y5: =IF(H5>I5,"Delayed","On Time") -> Delayed | Z5: =IF(Dataset!I5="","",IF(Dataset!I5>Dataset!H5,Dataset!I5-Dataset!H5,0)) | AB5: =NETWORKDAYS.INTL(F5,G5,1) -> 9 | AC5: =IF(I5=" ",P5-F5,I5-F5) -> -46027 | AD5: =IF(J5="Pending",P5-F5,"") -> 107 | AE5: =EOMONTH(F5,0) -> 46053 | AF5: =EOMONTH(F5,-1) -> 46022 | AG5: =EOMONTH(F5,1) -> 46081 | AH5: =DAY(EOMONTH(F5,0)) -> 31 | AI5: =IF(MONTH(F5)=MONTH(G5),"Yes","No") -> Yes | AJ5: =IF(H5=EOMONTH(H5,0),"Yes","No") -> No | AK5: =EOMONTH(F5,0)-F5 -> 26 | AL5: =EOMONTH(I5,0) -> 31 | AM5: =IF(I5="","",IF(I5<=EOMONTH(I5,0),"Completed","Not Completed")) | AO5: =EOMONTH(F5,0) -> 46053 | AP5: =IF(I5>"","",IF(I5>EOMONTH(I5,0),"Yes","No")) -> No | AQ5: =TEXT(F5,"MMM-YYYY") -> Jan-2026 | AR5: =EOMONTH(TODAY(),0)-TODAY() -> 8
C6: 104 | D6: Meena | E6: Finance | F6: 46029 | G6: 46034 | H6: 46034 | I6: 46034 | J6: Completed | K6: South | L6: =YEAR(F6) -> 2026 | M6: =TEXT(F6,"MMM") -> Jan | N6: =DAY(F6) -> 7 | O6: =TEXT(F6,"DD-MMM-YYYY") -> 07-Jan-2026 | P6: =TODAY() -> 46134 | Q6: =NOW() -> 46134.403 | R6: =_xlfn.DAYS(G6,F6) -> 5 | S6: =DATEDIF(I6,P6,"d") -> 100 | T6: =TEXT(F6,"DDDD") -> Wednesday | U6: =IF(I6=""," Not Completed",IF(WEEKDAY(I6,2)>5,"Weekend","Weekday")) -> Weekday | V6: =IF(I6="","",MONTH(I6)) -> 1 | W6: =NETWORKDAYS(F6,G6) -> 4 | X6: =IF(I6="","",IF(I6>H6,I6-H6,0)) -> 0 | Y6: =IF(H6>I6,"Delayed","On Time") -> On Time | Z6: =IF(Dataset!I6="","",IF(Dataset!I6>Dataset!H6,Dataset!I6-Dataset!H6,0)) -> 0 | AB6: =NETWORKDAYS.INTL(F6,G6,1) -> 4 | AC6: =IF(I6=" ",P6-F6,I6-F6) -> 5 | AD6: =IF(J6="Pending",P6-F6,"") | AE6: =EOMONTH(F6,0) -> 46053 | AF6: =EOMONTH(F6,-1) -> 46022 | AG6: =EOMONTH(F6,1) -> 46081 | AH6: =DAY(EOMONTH(F6,0)) -> 31 | AI6: =IF(MONTH(F6)=MONTH(G6),"Yes","No") -> Yes | AJ6: =IF(H6=EOMONTH(H6,0),"Yes","No") -> No | AK6: =EOMONTH(F6,0)-F6 -> 24 | AL6: =EOMONTH(I6,0) -> 46053 | AM6: =IF(I6="","",IF(I6<=EOMONTH(I6,0),"Completed","Not Completed")) -> Completed | AO6: =EOMONTH(F6,0) -> 46053 | AP6: =IF(I6>"","",IF(I6>EOMONTH(I6,0),"Yes","No")) -> No | AQ6: =TEXT(F6,"MMM-YYYY") -> Jan-2026 | AR6: =EOMONTH(TODAY(),0)-TODAY() -> 8
C7: 105 | D7: Arjun | E7: Sales | F7: 46032 | G7: 46042 | H7: 46040 | I7: 46041 | J7: Completed | K7: South | L7: =YEAR(F7) -> 2026 | M7: =TEXT(F7,"MMM") -> Jan | N7: =DAY(F7) -> 10 | O7: =TEXT(F7,"DD-MMM-YYYY") -> 10-Jan-2026 | P7: =TODAY() -> 46134 | Q7: =NOW() -> 46134.403 | R7: =_xlfn.DAYS(G7,F7) -> 10 | S7: =DATEDIF(I7,P7,"d") -> 93 | T7: =TEXT(F7,"DDDD") -> Saturday | U7: =IF(I7=""," Not Completed",IF(WEEKDAY(I7,2)>5,"Weekend","Weekday")) -> Weekday | V7: =IF(I7="","",MONTH(I7)) -> 1 | W7: =NETWORKDAYS(F7,G7) -> 7 | X7: =IF(I7="","",IF(I7>H7,I7-H7,0)) -> 1 | Y7: =IF(H7>I7,"Delayed","On Time") -> On Time | Z7: =IF(Dataset!I7="","",IF(Dataset!I7>Dataset!H7,Dataset!I7-Dataset!H7,0)) -> 1 | AB7: =NETWORKDAYS.INTL(F7,G7,1) -> 7 | AC7: =IF(I7=" ",P7-F7,I7-F7) -> 9 | AD7: =IF(J7="Pending",P7-F7,"") | AE7: =EOMONTH(F7,0) -> 46053 | AF7: =EOMONTH(F7,-1) -> 46022 | AG7: =EOMONTH(F7,1) -> 46081 | AH7: =DAY(EOMONTH(F7,0)) -> 31 | AI7: =IF(MONTH(F7)=MONTH(G7),"Yes","No") -> Yes | AJ7: =IF(H7=EOMONTH(H7,0),"Yes","No") -> No | AK7: =EOMONTH(F7,0)-F7 -> 21 | AL7: =EOMONTH(I7,0) -> 46053 | AM7: =IF(I7="","",IF(I7<=EOMONTH(I7,0),"Completed","Not Completed")) -> Completed | AO7: =EOMONTH(F7,0) -> 46053 | AP7: =IF(I7>"","",IF(I7>EOMONTH(I7,0),"Yes","No")) -> No | AQ7: =TEXT(F7,"MMM-YYYY") -> Jan-2026 | AR7: =EOMONTH(TODAY(),0)-TODAY() -> 8
C8: 106 | D8: Kavya | E8: IT | F8: 46034 | G8: 46047 | H8: 46046 | J8: Pending | K8: South | L8: =YEAR(F8) -> 2026 | M8: =TEXT(F8,"MMM") -> Jan | N8: =DAY(F8) -> 12 | O8: =TEXT(F8,"DD-MMM-YYYY") -> 12-Jan-2026 | P8: =TODAY() -> 46134 | Q8: =NOW() -> 46134.403 | R8: =_xlfn.DAYS(G8,F8) -> 13 | S8: =DATEDIF(I8,P8,"d") -> 46134 | T8: =TEXT(F8,"DDDD") -> Monday | U8: =IF(I8=""," Not Completed",IF(WEEKDAY(I8,2)>5,"Weekend","Weekday")) -> Not Completed | V8: =IF(I8="","",MONTH(I8)) | W8: =NETWORKDAYS(F8,G8) -> 10 | X8: =IF(I8="","",IF(I8>H8,I8-H8,0)) | Y8: =IF(H8>I8,"Delayed","On Time") -> Delayed | Z8: =IF(Dataset!I8="","",IF(Dataset!I8>Dataset!H8,Dataset!I8-Dataset!H8,0)) | AB8: =NETWORKDAYS.INTL(F8,G8,1) -> 10 | AC8: =IF(I8=" ",P8-F8,I8-F8) -> -46034 | AD8: =IF(J8="Pending",P8-F8,"") -> 100 | AE8: =EOMONTH(F8,0) -> 46053 | AF8: =EOMONTH(F8,-1) -> 46022 | AG8: =EOMONTH(F8,1) -> 46081 | AH8: =DAY(EOMONTH(F8,0)) -> 31 | AI8: =IF(MONTH(F8)=MONTH(G8),"Yes","No") -> Yes | AJ8: =IF(H8=EOMONTH(H8,0),"Yes","No") -> No | AK8: =EOMONTH(F8,0)-F8 -> 19 | AL8: =EOMONTH(I8,0) -> 31 | AM8: =IF(I8="","",IF(I8<=EOMONTH(I8,0),"Completed","Not Completed")) | AO8: =EOMONTH(F8,0) -> 46053 | AP8: =IF(I8>"","",IF(I8>EOMONTH(I8,0),"Yes","No")) -> No | AQ8: =TEXT(F8,"MMM-YYYY") -> Jan-2026 | AR8: =EOMONTH(TODAY(),0)-TODAY() -> 8
C9: 107 | D9: Ramesh | E9: HR | F9: 46037 | G9: 46044 | H9: 46043 | I9: 46042 | J9: Completed | K9: South | L9: =YEAR(F9) -> 2026 | M9: =TEXT(F9,"MMM") -> Jan | N9: =DAY(F9) -> 15 | O9: =TEXT(F9,"DD-MMM-YYYY") -> 15-Jan-2026 | P9: =TODAY() -> 46134 | Q9: =NOW() -> 46134.403 | R9: =_xlfn.DAYS(G9,F9) -> 7 | S9: =DATEDIF(I9,P9,"d") -> 92 | T9: =TEXT(F9,"DDDD") -> Thursday | U9: =IF(I9=""," Not Completed",IF(WEEKDAY(I9,2)>5,"Weekend","Weekday")) -> Weekday | V9: =IF(I9="","",MONTH(I9)) -> 1 | W9: =NETWORKDAYS(F9,G9) -> 6 | X9: =IF(I9="","",IF(I9>H9,I9-H9,0)) -> 0 | Y9: =IF(H9>I9,"Delayed","On Time") -> Delayed | Z9: =IF(Dataset!I9="","",IF(Dataset!I9>Dataset!H9,Dataset!I9-Dataset!H9,0)) -> 0 | AB9: =NETWORKDAYS.INTL(F9,G9,1) -> 6 | AC9: =IF(I9=" ",P9-F9,I9-F9) -> 5 | AD9: =IF(J9="Pending",P9-F9,"") | AE9: =EOMONTH(F9,0) -> 46053 | AF9: =EOMONTH(F9,-1) -> 46022 | AG9: =EOMONTH(F9,1) -> 46081 | AH9: =DAY(EOMONTH(F9,0)) -> 31 | AI9: =IF(MONTH(F9)=MONTH(G9),"Yes","No") -> Yes | AJ9: =IF(H9=EOMONTH(H9,0),"Yes","No") -> No | AK9: =EOMONTH(F9,0)-F9 -> 16 | AL9: =EOMONTH(I9,0) -> 46053 | AM9: =IF(I9="","",IF(I9<=EOMONTH(I9,0),"Completed","Not Completed")) -> Completed | AO9: =EOMONTH(F9,0) -> 46053 | AP9: =IF(I9>"","",IF(I9>EOMONTH(I9,0),"Yes","No")) -> No | AQ9: =TEXT(F9,"MMM-YYYY") -> Jan-2026 | AR9: =EOMONTH(TODAY(),0)-TODAY() -> 8
C10: 108 | D10: Sneha | E10: Finance | F10: 46040 | G10: 46050 | H10: 46049 | I10: 46052 | J10: Completed | K10: South | L10: =YEAR(F10) -> 2026 | M10: =TEXT(F10,"MMM") -> Jan | N10: =DAY(F10) -> 18 | O10: =TEXT(F10,"DD-MMM-YYYY") -> 18-Jan-2026 | P10: =TODAY() -> 46134 | Q10: =NOW() -> 46134.403 | R10: =_xlfn.DAYS(G10,F10) -> 10 | S10: =DATEDIF(I10,P10,"d") -> 82 | T10: =TEXT(F10,"DDDD") -> Sunday | U10: =IF(I10=""," Not Completed",IF(WEEKDAY(I10,2)>5,"Weekend","Weekday")) -> Weekday | V10: =IF(I10="","",MONTH(I10)) -> 1 | W10: =NETWORKDAYS(F10,G10) -> 8 | X10: =IF(I10="","",IF(I10>H10,I10-H10,0)) -> 3 | Y10: =IF(H10>I10,"Delayed","On Time") -> On Time | Z10: =IF(Dataset!I10="","",IF(Dataset!I10>Dataset!H10,Dataset!I10-Dataset!H10,0)) -> 3 | AB10: =NETWORKDAYS.INTL(F10,G10,1) -> 8 | AC10: =IF(I10=" ",P10-F10,I10-F10) -> 12 | AD10: =IF(J10="Pending",P10-F10,"") | AE10: =EOMONTH(F10,0) -> 46053 | AF10: =EOMONTH(F10,-1) -> 46022 | AG10: =EOMONTH(F10,1) -> 46081 | AH10: =DAY(EOMONTH(F10,0)) -> 31 | AI10: =IF(MONTH(F10)=MONTH(G10),"Yes","No") -> Yes | AJ10: =IF(H10=EOMONTH(H10,0),"Yes","No") -> No | AK10: =EOMONTH(F10,0)-F10 -> 13 | AL10: =EOMONTH(I10,0) -> 46053 | AM10: =IF(I10="","",IF(I10<=EOMONTH(I10,0),"Completed","Not Completed")) -> Completed | AO10: =EOMONTH(F10,0) -> 46053 | AP10: =IF(I10>"","",IF(I10>EOMONTH(I10,0),"Yes","No")) -> No | AQ10: =TEXT(F10,"MMM-YYYY") -> Jan-2026 | AR10: =EOMONTH(TODAY(),0)-TODAY() -> 8
C11: 109 | D11: Priya | E11: IT | F11: 46042 | G11: 46052 | H11: 46051 | J11: Pending | K11: South | L11: =YEAR(F11) -> 2026 | M11: =TEXT(F11,"MMM") -> Jan | N11: =DAY(F11) -> 20 | O11: =TEXT(F11,"DD-MMM-YYYY") -> 20-Jan-2026 | P11: =TODAY() -> 46134 | Q11: =NOW() -> 46134.403 | R11: =_xlfn.DAYS(G11,F11) -> 10 | S11: =DATEDIF(I11,P11,"d") -> 46134 | T11: =TEXT(F11,"DDDD") -> Tuesday | U11: =IF(I11=""," Not Completed",IF(WEEKDAY(I11,2)>5,"Weekend","Weekday")) -> Not Completed | V11: =IF(I11="","",MONTH(I11)) | W11: =NETWORKDAYS(F11,G11) -> 9 | X11: =IF(I11="","",IF(I11>H11,I11-H11,0)) | Y11: =IF(H11>I11,"Delayed","On Time") -> Delayed | Z11: =IF(Dataset!I11="","",IF(Dataset!I11>Dataset!H11,Dataset!I11-Dataset!H11,0)) | AB11: =NETWORKDAYS.INTL(F11,G11,1) -> 9 | AC11: =IF(I11=" ",P11-F11,I11-F11) -> -46042 | AD11: =IF(J11="Pending",P11-F11,"") -> 92 | AE11: =EOMONTH(F11,0) -> 46053 | AF11: =EOMONTH(F11,-1) -> 46022 | AG11: =EOMONTH(F11,1) -> 46081 | AH11: =DAY(EOMONTH(F11,0)) -> 31 | AI11: =IF(MONTH(F11)=MONTH(G11),"Yes","No") -> Yes | AJ11: =IF(H11=EOMONTH(H11,0),"Yes","No") -> No | AK11: =EOMONTH(F11,0)-F11 -> 11 | AL11: =EOMONTH(I11,0) -> 31 | AM11: =IF(I11="","",IF(I11<=EOMONTH(I11,0),"Completed","Not Completed")) | AO11: =EOMONTH(F11,0) -> 46053 | AP11: =IF(I11>"","",IF(I11>EOMONTH(I11,0),"Yes","No")) -> No | AQ11: =TEXT(F11,"MMM-YYYY") -> Jan-2026 | AR11: =EOMONTH(TODAY(),0)-TODAY() -> 8
C12: 110 | D12: Kiran | E12: Sales | F12: 46044 | G12: 46055 | H12: 46054 | I12: 46055 | J12: Completed | K12: South | L12: =YEAR(F12) -> 2026 | M12: =TEXT(F12,"MMM") -> Jan | N12: =DAY(F12) -> 22 | O12: =TEXT(F12,"DD-MMM-YYYY") -> 22-Jan-2026 | P12: =TODAY() -> 46134 | Q12: =NOW() -> 46134.403 | R12: =_xlfn.DAYS(G12,F12) -> 11 | S12: =DATEDIF(I12,P12,"d") -> 79 | T12: =TEXT(F12,"DDDD") -> Thursday | U12: =IF(I12=""," Not Completed",IF(WEEKDAY(I12,2)>5,"Weekend","Weekday")) -> Weekday | V12: =IF(I12="","",MONTH(I12)) -> 2 | W12: =NETWORKDAYS(F12,G12) -> 8 | X12: =IF(I12="","",IF(I12>H12,I12-H12,0)) -> 1 | Y12: =IF(H12>I12,"Delayed","On Time") -> On Time | Z12: =IF(Dataset!I12="","",IF(Dataset!I12>Dataset!H12,Dataset!I12-Dataset!H12,0)) -> 1 | AB12: =NETWORKDAYS.INTL(F12,G12,1) -> 8 | AC12: =IF(I12=" ",P12-F12,I12-F12) -> 11 | AD12: =IF(J12="Pending",P12-F12,"") | AE12: =EOMONTH(F12,0) -> 46053 | AF12: =EOMONTH(F12,-1) -> 46022 | AG12: =EOMONTH(F12,1) -> 46081 | AH12: =DAY(EOMONTH(F12,0)) -> 31 | AI12: =IF(MONTH(F12)=MONTH(G12),"Yes","No") -> No | AJ12: =IF(H12=EOMONTH(H12,0),"Yes","No") -> No | AK12: =EOMONTH(F12,0)-F12 -> 9 | AL12: =EOMONTH(I12,0) -> 46081 | AM12: =IF(I12="","",IF(I12<=EOMONTH(I12,0),"Completed","Not Completed")) -> Completed | AO12: =EOMONTH(F12,0) -> 46053 | AP12: =IF(I12>"","",IF(I12>EOMONTH(I12,0),"Yes","No")) -> No | AQ12: =TEXT(F12,"MMM-YYYY") -> Jan-2026 | AR12: =EOMONTH(TODAY(),0)-TODAY() -> 8

Sheet Instructions
B3: Questions
B4: Extract Year from Start_Date
B5: Extract Month Name from Start_Date
B6: Extract Day from Start_Date
B7: Convert Start_Date into format: DD-MMM-YYYY
B8: Find today’s date using formula
B9: Find current date & time
B10: Calculate Task Duration (days), End_Date - Start_Date
B11: Calculate how many Days its been after the project completion till date
B12: Find Weekday name of Start_Date
B13: Check if task is done on Weekend or Weekday
B14: Find Month number from Completion_Date
... B22: Calculate Age of Task (Pending tasks only), ( TODAY() - Start_Date)
B23: Categorize Tasks | C23: Short (<5 days)
C24: Medium (5–10 days)
C25: Long (>10 days)
B26: Find last day of the month for Start_Date
B27: Find last day of previous month
B28: Find last day of next month
B29: Find number of days in the month
B30: Check if task completed in same month as start
B31: Find tasks where deadline is month-end
B32: Calculate days remaining in month after start date
B33: Find month-end of Completion_Date
B34: Calculate Monthly SLA compliance, Task completed before month-end
B35: Identify tasks spilling into next month
B36: Calculate billing cycle end date (Always last day of month)
B37: Find tasks where completion happened after month-end
... B39: Calculate Remaining days till month-end from TODAY()
